11058727,country_code_US
11058727,edition_information_
11058727,format_
16162618,country_code_US
16162618,edition_information_
16162618,format_Paperback
196521,country_code_US
196521,edition_information_
196521,format_Paperback
20613761,country_code_US
20613761,edition_information_
20613761,format_Paperback
22237148,country_code_US
22237148,edition_information_
22237148,format_Hardcover
270903,country_code_US
270903,edition_information_
270903,format_
406373,country_code_US
406373,edition_information_
406373,format_
406373,format_Hardcover
6798263,country_code_US
6798263,edition_information_
839520,format_Paperback